Nama,Usia,Pekerjaan,No_Telp,Status,Pendidikan
Graciela Mccoy,56,housemaid,+1 822455739,married,basic.4y
Reyna Holloway,57,services,+1 822455740,married,high.school
Effie Arellano,37,services,+1 822455741,married,high.school
Raymon Norman,40,admin.,+1 822455742,married,basic.6y
Renato Boyer,56,services,+1 822455743,married,high.school
Gino Michael,45,services,+1 822455744,married,basic.9y
Franklyn Woodard,59,admin.,+1 822455745,married,professional.course
Doris Hancock,41,blue-collar,+1 822455746,married,unknown
Douglass Patel,24,technician,+1 822455747,single,professional.course
Newton Butler,25,services,+1 822455748,single,high.school
Bethany Pineda,41,blue-collar,+1 822455749,married,unknown
Von Bautista,25,services,+1 822455750,single,high.school
Colette Trevino,29,blue-collar,+1 822455751,single,high.school
Miriam Richard,57,housemaid,+1 822455752,divorced,basic.4y
Sybil Barton,35,blue-collar,+1 822455753,married,basic.6y
Tommy Medina,54,retired,+1 822455754,married,basic.9y
Janna Mckinney,35,blue-collar,+1 822455755,married,basic.6y
Latonya Kaiser,46,blue-collar,+1 822455756,married,basic.6y
Abram Alvarado,50,blue-collar,+1 822455757,married,basic.9y
Walton Berry,39,management,+1 822455758,single,basic.9y
Dana Newman,30,unemployed,+1 822455759,married,high.school
Osvaldo Gilmore,55,blue-collar,+1 822455760,married,basic.4y
Gaylord Lawrence,55,retired,+1 822455761,single,high.school
Allyson Shannon,41,technician,+1 822455762,single,high.school
Saundra Torres,37,admin.,+1 822455763,married,high.school
Dean Barrett,35,technician,+1 822455764,married,university.degree
Essie Hernandez,59,technician,+1 822455765,married,unknown
Harley Marshall,39,self-employed,+1 822455766,married,basic.9y
Maria Salinas,54,technician,+1 822455767,single,university.degree
Jackie Gomez,55,unknown,+1 822455768,married,university.degree
Clair Harrison,46,admin.,+1 822455769,married,unknown
Rodolfo Ware,59,technician,+1 822455770,married,unknown
Stefan Valentine,49,blue-collar,+1 822455771,married,unknown
Esmeralda Henson,54,management,+1 822455772,married,basic.4y
Andreas Dunn,54,blue-collar,+1 822455773,divorced,basic.4y
Jim Burgess,55,unknown,+1 822455774,married,basic.4y
Irene May,34,services,+1 822455775,married,high.school
Janette Sosa,52,technician,+1 822455776,married,basic.9y
Noreen Wells,41,admin.,+1 822455777,married,university.degree
Dennis Armstrong,56,technician,+1 822455778,married,basic.4y
Kim Taehyung,58,management,+1 822455779,unknown,university.degree
Fred Fuentes,32,entrepreneur,+1 822455780,married,high.school
Jimmie Pena,38,admin.,+1 822455781,single,professional.course
Pedro Mora,57,admin.,+1 822455782,married,university.degree
Amy Brooks,44,admin.,+1 822455783,married,university.degree
Leslie Lynn,42,technician,+1 822455784,single,professional.course
Allan Davila,57,admin.,+1 822455785,married,university.degree
Darell Bartlett,40,blue-collar,+1 822455786,married,basic.9y
Gracie Wheeler,35,admin.,+1 822455787,married,university.degree
Margery Fry,45,blue-collar,+1 822455788,married,basic.9y
Peter Brandt,54,admin.,+1 822455789,married,high.school
Alden Lynn,39,housemaid,+1 822455790,married,basic.4y
Althea Orozco,60,admin.,+1 822455791,married,high.school
Ezekiel Hayes,53,admin.,+1 822455792,single,professional.course
Gabriel Howard,55,blue-collar,+1 822455793,married,basic.4y
Humberto Case,55,technician,+1 822455794,married,professional.course
Jeannette Williams,50,management,+1 822455795,married,university.degree
Berry Morgan,45,services,+1 822455796,married,high.school
Carlene Huber,55,unemployed,+1 822455797,married,professional.course
Willa Sheppard,25,technician,+1 822455798,single,university.degree
Sharron Cameron,47,entrepreneur,+1 822455799,married,university.degree
Monte Delacruz,51,blue-collar,+1 822455800,married,basic.9y
Carissa Oconnell,42,blue-collar,+1 822455801,married,basic.6y
Jessie Estes,42,blue-collar,+1 822455802,married,basic.6y
Larry Spencer,48,admin.,+1 822455803,married,high.school
Carmen Crosby,37,admin.,+1 822455804,married,university.degree
Rosemary Doyle,44,blue-collar,+1 822455805,single,basic.9y
Jake Cross,33,admin.,+1 822455806,married,unknown
Alva Ferrell,56,admin.,+1 822455807,married,basic.9y
Johnie Rhodes,44,blue-collar,+1 822455808,single,basic.4y
Truman Cohen,41,management,+1 822455809,married,basic.6y
Mayra Rogers,44,management,+1 822455810,divorced,university.degree
Raleigh Acosta,47,admin.,+1 822455811,married,university.degree
Luke Archer,57,unknown,+1 822455812,married,unknown
Dolly Cannon,37,admin.,+1 822455813,married,university.degree
Richie Montoya,41,blue-collar,+1 822455814,divorced,basic.4y
Ann Gonzalez,55,technician,+1 822455815,married,university.degree
Whitney Fleming,33,services,+1 822455816,married,high.school
Dewey Oneill,55,management,+1 822455817,married,unknown
Kate Hull,42,blue-collar,+1 822455818,married,basic.9y
Boyd Lowe,50,blue-collar,+1 822455819,married,basic.4y
Diann Yang,51,blue-collar,+1 822455820,married,basic.4y
Janette Campos,38,admin.,+1 822455821,married,high.school
Homer Hancock,49,entrepreneur,+1 822455822,married,university.degree
Amelia Conway,38,technician,+1 822455823,single,university.degree
Ricardo Michael,31,admin.,+1 822455824,divorced,high.school
Joel Villa,41,management,+1 822455825,married,basic.6y
Delmar Grant,39,admin.,+1 822455826,married,university.degree
Marguerite Sandoval,49,technician,+1 822455827,married,basic.9y
Cecile Lozano,34,admin.,+1 822455828,married,high.school
Mattie Li,35,admin.,+1 822455829,married,university.degree
Alexandria Pruitt,57,unknown,+1 822455830,married,unknown
Vincent Mckinney,60,admin.,+1 822455831,married,unknown
Serena Guzman,33,unemployed,+1 822455832,married,basic.9y
Ethan Morrow,42,blue-collar,+1 822455833,married,basic.6y
Jody Braun,45,services,+1 822455834,married,professional.course
Fausto Butler,42,management,+1 822455835,married,university.degree
Eliza Gallagher,53,admin.,+1 822455836,divorced,university.degree
Latoya Arias,37,technician,+1 822455837,single,professional.course
Simone Andrews,44,blue-collar,+1 822455838,married,basic.6y
Charles Leon,54,services,+1 822455839,married,unknown
Stacie Reese,49,blue-collar,+1 822455840,married,basic.4y
Darla Holland,54,services,+1 822455841,married,unknown
Eugene Kim,52,admin.,+1 822455842,divorced,university.degree
Franklin Dillon,52,admin.,+1 822455843,divorced,university.degree
Sheryl Singh,43,services,+1 822455844,single,high.school
Maude Floyd,34,housemaid,+1 822455845,married,basic.6y
Diana Roach,35,admin.,+1 822455846,married,high.school
Jeffery Cherry,42,entrepreneur,+1 822455847,married,unknown
Ernestine Donovan,43,technician,+1 822455848,married,unknown
Mac Wu,60,retired,+1 822455849,divorced,university.degree
Nancy Chambers,58,unemployed,+1 822455850,married,basic.4y
Dillon Hebert,35,services,+1 822455851,divorced,high.school
Wilda Wong,55,blue-collar,+1 822455852,married,basic.9y
Wiley Bentley,37,management,+1 822455853,married,university.degree
Bernice Stephenson,36,blue-collar,+1 822455854,married,high.school
Noble Perez,52,admin.,+1 822455855,divorced,university.degree
Solomon Blake,57,blue-collar,+1 822455856,divorced,unknown
Alicia Sanford,56,admin.,+1 822455857,married,unknown
Sheree Haley,48,blue-collar,+1 822455858,divorced,basic.4y
Julia Morton,40,blue-collar,+1 822455859,married,high.school
Mallory Mahoney,49,blue-collar,+1 822455860,divorced,high.school
Santo Pope,41,services,+1 822455861,married,high.school
Gaston Poole,45,technician,+1 822455862,married,high.school
Alba Dodson,32,admin.,+1 822455863,married,university.degree
Doris Berg,42,admin.,+1 822455864,married,university.degree
Tiffany Bradford,50,admin.,+1 822455865,married,basic.6y
Thelma Daugherty,31,technician,+1 822455866,divorced,professional.course
Dion Compton,56,retired,+1 822455867,married,basic.4y
Dominick Sanders,41,technician,+1 822455868,married,professional.course
Dennis Sheppard,37,blue-collar,+1 822455869,married,basic.6y
Walton Doyle,41,technician,+1 822455870,married,professional.course
Kathleen Summers,35,blue-collar,+1 822455871,married,unknown
Lavern Kidd,37,blue-collar,+1 822455872,married,basic.6y
Rigoberto Mcdaniel,52,management,+1 822455873,married,university.degree
Christi Best,39,management,+1 822455874,divorced,university.degree
Jaclyn Gamble,39,housemaid,+1 822455875,married,basic.4y
Jared Conrad,56,blue-collar,+1 822455876,married,basic.4y
Brenton Leach,34,services,+1 822455877,married,high.school
Edmond Oneill,45,blue-collar,+1 822455878,married,basic.9y
Eloise Reilly,43,unemployed,+1 822455879,single,university.degree
Morgan Walsh,56,management,+1 822455880,married,unknown
Sybil Bridges,39,management,+1 822455881,married,university.degree
Gabriel Santos,53,blue-collar,+1 822455882,married,basic.4y
Eric Franco,38,unknown,+1 822455883,divorced,high.school
Alexandra Boyer,42,blue-collar,+1 822455884,married,basic.4y
Roseann Lyons,42,blue-collar,+1 822455885,married,basic.4y
Francine Estes,35,admin.,+1 822455886,single,high.school
Giuseppe Payne,40,admin.,+1 822455887,married,university.degree
Dixie Yu,51,blue-collar,+1 822455888,married,basic.4y
Buddy Anthony,60,blue-collar,+1 822455889,married,basic.9y
Young Howard,56,entrepreneur,+1 822455890,married,unknown
Darrell Boyer,39,services,+1 822455891,divorced,high.school
Hattie Moore,56,entrepreneur,+1 822455892,married,unknown
Cornelius Gilbert,40,blue-collar,+1 822455893,married,unknown
Cruz Graves,36,blue-collar,+1 822455894,married,basic.9y
Adalberto Cortez,51,blue-collar,+1 822455895,married,unknown
Danial Knapp,51,blue-collar,+1 822455896,married,unknown
Kristen Maddox,43,technician,+1 822455897,single,professional.course
Donte Benjamin,59,services,+1 822455898,married,high.school
Cedric Weber,24,management,+1 822455899,single,university.degree
Nicky Estes,37,blue-collar,+1 822455900,single,basic.9y
Todd Shah,40,blue-collar,+1 822455901,married,basic.9y
Coy Eaton,42,blue-collar,+1 822455902,married,basic.9y
Dianne Frederick,39,services,+1 822455903,divorced,high.school
Frederick Colon,37,entrepreneur,+1 822455904,married,basic.6y
Raleigh Sosa,38,services,+1 822455905,married,high.school
Vaughn Baldwin,56,admin.,+1 822455906,divorced,unknown
Cara Day,40,blue-collar,+1 822455907,married,unknown
Mary Tanner,54,management,+1 822455908,divorced,university.degree
Noelle Rocha,43,blue-collar,+1 822455909,married,high.school
Ella Jarvis,36,services,+1 822455910,married,high.school
Karina Cain,45,technician,+1 822455911,married,university.degree
Jerrod Li,42,admin.,+1 822455912,single,university.degree
Milo Schmidt,43,services,+1 822455913,married,high.school
Martin Vega,46,management,+1 822455914,married,basic.9y
Greg Pollard,44,services,+1 822455915,married,high.school
Bobbie Snow,51,admin.,+1 822455916,single,basic.6y
Aubrey Newman,28,services,+1 822455917,married,high.school
Aldo Townsend,37,blue-collar,+1 822455918,married,basic.9y
Marcia Burch,34,technician,+1 822455919,married,high.school
Adam Villarreal,46,blue-collar,+1 822455920,married,basic.6y
Earnest Dillon,42,blue-collar,+1 822455921,married,basic.9y
Marian Kent,36,admin.,+1 822455922,married,university.degree
Naomi Whitehead,54,blue-collar,+1 822455923,married,basic.4y
Dwight Patel,57,management,+1 822455924,married,university.degree
Williams Salinas,51,technician,+1 822455925,married,basic.6y
Johnnie Mayer,54,retired,+1 822455926,married,high.school
Brandon Foster,49,blue-collar,+1 822455927,married,basic.4y
Juliette Peters,34,admin.,+1 822455928,married,university.degree
Flossie Nolan,41,technician,+1 822455929,married,professional.course
Son Jacobson,38,blue-collar,+1 822455930,single,basic.9y
Carmela Chase,45,management,+1 822455931,divorced,university.degree
Truman Banks,42,technician,+1 822455932,married,university.degree
Cedrick Marsh,34,blue-collar,+1 822455933,single,basic.9y
Herb Cherry,48,blue-collar,+1 822455934,married,basic.4y
Dena Mcpherson,37,admin.,+1 822455935,married,high.school
Antony Harrington,34,blue-collar,+1 822455936,single,basic.9y
Lincoln Gross,40,admin.,+1 822455937,married,basic.9y
Laverne Torres,43,blue-collar,+1 822455938,married,basic.6y
Hilton Munoz,33,services,+1 822455939,married,high.school
Maribel Burch,32,services,+1 822455940,single,basic.6y
Mayra Smith,39,blue-collar,+1 822455941,married,high.school
Jerald Cain,43,admin.,+1 822455942,married,unknown
Gena Hahn,44,blue-collar,+1 822455943,married,basic.9y
Dolly Kidd,35,student,+1 822455944,single,university.degree
Ian Macdonald,35,student,+1 822455945,single,university.degree
Edison Farrell,35,unemployed,+1 822455946,married,professional.course
Cathryn Nixon,36,services,+1 822455947,single,basic.4y
Rena Atkinson,35,student,+1 822455948,single,university.degree
Penny Delacruz,36,student,+1 822455949,single,basic.9y
Lesa Bell,55,housemaid,+1 822455950,divorced,university.degree
Maritza Buckley,59,admin.,+1 822455951,married,university.degree
Harriett Carson,57,retired,+1 822455952,married,unknown
Suzette Lynn,39,blue-collar,+1 822455953,married,professional.course
Lucille Glenn,39,housemaid,+1 822455954,married,basic.4y
Cynthia Shepherd,30,blue-collar,+1 822455955,single,unknown
Janna Lin,30,blue-collar,+1 822455956,single,unknown
Isaac Oconnor,50,housemaid,+1 822455957,married,basic.4y
Raymond Willis,40,services,+1 822455958,married,high.school
Marietta Padilla,35,admin.,+1 822455959,married,high.school
Keisha Fernandez,43,technician,+1 822455960,married,unknown
Kasey Garcia,36,services,+1 822455961,single,basic.6y
Jacques Sweeney,46,technician,+1 822455962,married,basic.4y
Heidi Morrison,40,technician,+1 822455963,married,basic.9y
Carroll Dean,58,retired,+1 822455964,married,university.degree
Eve Blackwell,42,technician,+1 822455965,married,university.degree
Graciela Chen,35,admin.,+1 822455966,single,university.degree
Ricky Bonilla,43,retired,+1 822455967,married,basic.4y
Joel Conrad,45,blue-collar,+1 822455968,married,basic.4y
Mona Woodward,39,admin.,+1 822455969,married,professional.course
Rae Roth,50,services,+1 822455970,divorced,professional.course
Tommy Benjamin,32,management,+1 822455971,divorced,basic.4y
Juana Lloyd,39,admin.,+1 822455972,married,high.school
Philip Jackson,52,self-employed,+1 822455973,married,university.degree
Anita Andersen,44,admin.,+1 822455974,married,professional.course
Ines Lopez,56,blue-collar,+1 822455975,married,basic.4y
Jere Robertson,48,admin.,+1 822455976,married,high.school
Mel Hood,33,services,+1 822455977,married,high.school
Lula Gutierrez,43,management,+1 822455978,married,university.degree
Francis Kline,57,retired,+1 822455979,married,high.school
Jessica Cummings,36,technician,+1 822455980,single,professional.course
Jamel Perry,34,management,+1 822455981,married,university.degree
Dianne Dennis,34,services,+1 822455982,single,basic.9y
Anthony Wallace,30,technician,+1 822455983,married,university.degree
Terrence Bowman,33,services,+1 822455984,divorced,unknown
Maynard Calhoun,32,technician,+1 822455985,single,professional.course
Weldon Shelton,36,technician,+1 822455986,single,high.school
Nathaniel Mack,36,blue-collar,+1 822455987,single,high.school
Winfred Carlson,33,services,+1 822455988,single,high.school
Israel Hartman,40,technician,+1 822455989,divorced,professional.course
Saul Yoder,41,blue-collar,+1 822455990,married,basic.4y
Rhea Moreno,51,services,+1 822455991,married,basic.6y
Garrett Bowers,36,technician,+1 822455992,married,professional.course
Bernard Holland,28,services,+1 822455993,married,unknown
Lucille Guerra,53,services,+1 822455994,married,high.school
Kraig Glover,58,blue-collar,+1 822455995,married,basic.9y
Estelle Sellers,45,management,+1 822455996,married,basic.9y
Terry Schultz,43,technician,+1 822455997,married,unknown
Marlene Davenport,33,admin.,+1 822455998,married,high.school
Taylor Figueroa,33,admin.,+1 822455999,married,high.school
Evan Gaines,27,blue-collar,+1 822456000,single,basic.6y
Moshe Mosley,42,technician,+1 822456001,married,high.school
Delmar Ortega,43,admin.,+1 822456002,divorced,basic.9y
Gilbert Goodwin,42,admin.,+1 822456003,married,university.degree
Vivian Franklin,27,blue-collar,+1 822456004,single,basic.6y
Hobert Ayala,34,self-employed,+1 822456005,single,university.degree
Cedrick Barry,31,student,+1 822456006,single,university.degree
Lupe Giles,54,management,+1 822456007,divorced,university.degree
Madelyn Sloan,40,self-employed,+1 822456008,married,basic.4y
Haley King,52,unemployed,+1 822456009,married,high.school
Debbie Gordon,47,management,+1 822456010,divorced,university.degree
Florentino Benton,49,housemaid,+1 822456011,married,basic.9y
Melva Kelly,32,admin.,+1 822456012,single,high.school
Christoper Owens,49,housemaid,+1 822456013,single,high.school
Jocelyn Shepard,50,blue-collar,+1 822456014,married,basic.9y
Luis Burnett,34,services,+1 822456015,married,high.school
Martin Oneill,55,blue-collar,+1 822456016,married,basic.4y
Bernie Horn,47,technician,+1 822456017,single,basic.9y
Alejandra Stein,51,retired,+1 822456018,married,professional.course
Arlene Berry,47,blue-collar,+1 822456019,married,basic.6y
Blair Meadows,56,technician,+1 822456020,married,basic.4y
Marquis Stewart,53,admin.,+1 822456021,married,basic.9y
Jefferey Henderson,36,blue-collar,+1 822456022,married,basic.9y
Damion Peterson,42,blue-collar,+1 822456023,divorced,basic.9y
Brittany Simpson,44,blue-collar,+1 822456024,divorced,basic.6y
Evelyn Harper,39,housemaid,+1 822456025,married,basic.9y
Stacie Huynh,37,admin.,+1 822456026,single,high.school
Ashley Pitts,60,blue-collar,+1 822456027,married,unknown
Nikki Mclean,36,services,+1 822456028,married,high.school
Lyle Wilkinson,42,management,+1 822456029,divorced,university.degree
Gerard Murray,31,admin.,+1 822456030,married,high.school
Samuel Buchanan,53,technician,+1 822456031,divorced,professional.course
Amos Galvan,45,blue-collar,+1 822456032,married,basic.4y
Irving Cameron,37,technician,+1 822456033,single,professional.course
Jeannette Crosby,47,self-employed,+1 822456034,married,professional.course
Curt Nixon,49,blue-collar,+1 822456035,divorced,high.school
Wendy Moses,36,admin.,+1 822456036,married,university.degree
Scotty Little,35,services,+1 822456037,divorced,high.school
Barney Beltran,38,unknown,+1 822456038,married,unknown
Shelton Clements,38,services,+1 822456039,single,high.school
Virginia Hanson,50,blue-collar,+1 822456040,divorced,high.school
Althea Trujillo,59,retired,+1 822456041,married,professional.course
Lauren Levy,43,unknown,+1 822456042,married,unknown
Raquel Grant,42,admin.,+1 822456043,married,high.school
Hosea Mcintosh,40,admin.,+1 822456044,married,basic.6y
Tommie Maldonado,46,blue-collar,+1 822456045,married,unknown
Bryce Wong,57,housemaid,+1 822456046,divorced,basic.4y
Jacqueline Friedman,42,admin.,+1 822456047,married,university.degree
Harriett Combs,41,blue-collar,+1 822456048,married,basic.4y
Kim Vazquez,54,management,+1 822456049,divorced,university.degree
Long Martinez,27,admin.,+1 822456050,single,university.degree
Julius Golden,36,admin.,+1 822456051,married,high.school
Joanne May,58,blue-collar,+1 822456052,married,professional.course
Christina Huerta,40,management,+1 822456053,married,university.degree
Harlan Quinn,34,admin.,+1 822456054,single,basic.9y
Autumn Blevins,33,admin.,+1 822456055,divorced,high.school
Paige Burton,56,retired,+1 822456056,married,basic.6y
Kenya Adams,42,blue-collar,+1 822456057,married,basic.9y
Angel Kaufman,43,services,+1 822456058,married,high.school
Patrice Knight,54,management,+1 822456059,single,basic.9y
Valerie Vang,53,admin.,+1 822456060,single,basic.6y
Bradly Hunt,42,technician,+1 822456061,single,unknown
Theron Osborn,40,services,+1 822456062,married,basic.6y
Angelique Rivera,54,technician,+1 822456063,married,professional.course
Lamar Gutierrez,40,housemaid,+1 822456064,single,professional.course
Randolph Branch,26,admin.,+1 822456065,single,university.degree
Israel Atkins,33,admin.,+1 822456066,married,high.school
Mitzi Griffin,35,blue-collar,+1 822456067,married,basic.9y
Damian Wang,36,admin.,+1 822456068,married,high.school
Emerson Marsh,29,services,+1 822456069,single,high.school
Lidia Jimenez,36,blue-collar,+1 822456070,married,basic.9y
Mervin Yates,35,management,+1 822456071,married,high.school
Hillary Pearson,50,self-employed,+1 822456072,single,university.degree
Nicole Morse,46,services,+1 822456073,married,high.school
Summer Ali,49,entrepreneur,+1 822456074,married,high.school
Leta Moreno,42,technician,+1 822456075,single,professional.course
Selma Black,36,blue-collar,+1 822456076,single,high.school
Myrna Pollard,55,blue-collar,+1 822456077,married,basic.9y
Alisa Morrow,41,management,+1 822456078,married,university.degree
Gail Hood,57,management,+1 822456079,married,professional.course
Rosalinda Howell,32,services,+1 822456080,single,high.school
Taylor Leonard,49,admin.,+1 822456081,married,basic.9y
Pearl Day,57,unknown,+1 822456082,married,unknown
Berta Petersen,58,blue-collar,+1 822456083,divorced,basic.4y
Jaclyn Ross,52,technician,+1 822456084,married,high.school
Chandra Kirk,50,services,+1 822456085,divorced,professional.course
Lottie Jacobson,41,blue-collar,+1 822456086,single,basic.9y
Barbra French,33,entrepreneur,+1 822456087,married,university.degree
Marlon Singh,57,blue-collar,+1 822456088,married,basic.4y
Shelton Clements,48,blue-collar,+1 822456089,married,basic.6y
Virginia Hanson,55,technician,+1 822456090,married,professional.course
Althea Trujillo,38,management,+1 822456091,married,university.degree
Lauren Levy,38,services,+1 822456092,married,high.school
Raquel Grant,53,admin.,+1 822456093,married,university.degree
Hosea Mcintosh,43,unemployed,+1 822456094,single,university.degree
Tommie Maldonado,36,blue-collar,+1 822456095,single,high.school
Bryce Wong,32,blue-collar,+1 822456096,married,basic.9y
Jacqueline Friedman,33,services,+1 822456097,married,basic.4y
Harriett Combs,58,entrepreneur,+1 822456098,married,basic.4y
Kim Vazquez,40,unemployed,+1 822456099,divorced,high.school
Long Martinez,57,management,+1 822456100,married,university.degree
Julius Golden,45,technician,+1 822456101,married,high.school
Joanne May,42,blue-collar,+1 822456102,married,basic.4y
Christina Huerta,46,admin.,+1 822456103,married,university.degree
Harlan Quinn,36,technician,+1 822456104,married,university.degree
Autumn Blevins,41,self-employed,+1 822456105,married,high.school
Paige Burton,57,admin.,+1 822456106,divorced,basic.9y
Kenya Adams,49,blue-collar,+1 822456107,married,basic.9y
Angel Kaufman,56,management,+1 822456108,divorced,high.school
Patrice Knight,37,blue-collar,+1 822456109,married,basic.9y
Valerie Vang,37,blue-collar,+1 822456110,married,basic.9y
Bradly Hunt,46,admin.,+1 822456111,single,high.school
Theron Osborn,22,blue-collar,+1 822456112,single,basic.9y
Angelique Rivera,43,services,+1 822456113,married,high.school
Lamar Gutierrez,49,blue-collar,+1 822456114,married,unknown
Randolph Branch,41,technician,+1 822456115,married,basic.6y
Israel Atkins,38,admin.,+1 822456116,single,university.degree
Mitzi Griffin,33,admin.,+1 822456117,married,basic.9y
Damian Wang,49,admin.,+1 822456118,married,university.degree
Emerson Marsh,30,blue-collar,+1 822456119,single,unknown
Lidia Jimenez,33,admin.,+1 822456120,married,basic.9y
Mervin Yates,34,management,+1 822456121,single,university.degree
Hillary Pearson,30,student,+1 822456122,single,unknown
Nicole Morse,59,management,+1 822456123,married,basic.4y
Summer Ali,59,management,+1 822456124,married,basic.4y
Leta Moreno,41,self-employed,+1 822456125,married,university.degree
Selma Black,48,housemaid,+1 822456126,married,basic.6y
Myrna Pollard,28,unknown,+1 822456127,single,unknown
Alisa Morrow,44,services,+1 822456128,married,high.school
Gail Hood,59,retired,+1 822456129,unknown,university.degree
Rosalinda Howell,50,management,+1 822456130,married,high.school
Taylor Leonard,35,admin.,+1 822456131,married,university.degree
Pearl Day,42,admin.,+1 822456132,married,high.school
Berta Petersen,45,admin.,+1 822456133,married,basic.9y
Jaclyn Ross,36,technician,+1 822456134,married,professional.course
Chandra Kirk,56,services,+1 822456135,married,high.school
Lottie Jacobson,29,blue-collar,+1 822456136,divorced,basic.4y
Barbra French,41,self-employed,+1 822456137,married,university.degree
Marlon Singh,42,blue-collar,+1 822456138,married,basic.9y
Nathanial Craig,52,services,+1 822456139,single,high.school
Erna Saunders,48,services,+1 822456140,married,high.school
Mario Elliott,31,blue-collar,+1 822456141,married,high.school
Jefferson Foley,43,unemployed,+1 822456142,married,university.degree
Duane Ferrell,36,blue-collar,+1 822456143,married,basic.4y
Royal Villegas,42,entrepreneur,+1 822456144,married,university.degree
Porter Greene,52,services,+1 822456145,divorced,basic.6y
Pamela Melton,39,admin.,+1 822456146,married,high.school
Pat Shaffer,36,services,+1 822456147,married,high.school
Heidi Holmes,42,blue-collar,+1 822456148,married,basic.9y
Sergio Zamora,41,admin.,+1 822456149,married,high.school
Hosea Caldwell,55,technician,+1 822456150,married,basic.4y
Debra Booker,30,blue-collar,+1 822456151,married,basic.9y
Renato Ho,57,retired,+1 822456152,unknown,basic.4y
Orval Weber,45,entrepreneur,+1 822456153,married,basic.4y
Garrett Fitzgerald,51,blue-collar,+1 822456154,married,basic.4y
Naomi Guerra,39,self-employed,+1 822456155,single,basic.9y
Lawrence Carey,47,admin.,+1 822456156,married,high.school
Ladonna Campos,27,services,+1 822456157,married,high.school
Gus Baker,34,technician,+1 822456158,single,university.degree
Cecilia Davenport,57,blue-collar,+1 822456159,married,basic.4y
Rory Pugh,43,entrepreneur,+1 822456160,married,basic.4y
Owen Wilcox,49,blue-collar,+1 822456161,married,basic.4y
Royce Mcconnell,39,management,+1 822456162,married,university.degree
Irene Berry,38,blue-collar,+1 822456163,married,basic.4y
Darell Johnson,49,blue-collar,+1 822456164,married,basic.9y
Diann Davies,58,management,+1 822456165,married,basic.6y
Henry Todd,43,technician,+1 822456166,married,professional.course
Dixie Grimes,50,unknown,+1 822456167,married,unknown
Arden Terry,31,services,+1 822456168,married,high.school
Cheryl Wheeler,43,self-employed,+1 822456169,divorced,university.degree
Sonja Andersen,43,self-employed,+1 822456170,married,basic.9y
Berry Rose,30,self-employed,+1 822456171,single,university.degree
Anita Huynh,27,services,+1 822456172,single,professional.course
Seymour Mckay,51,services,+1 822456173,married,unknown
Margarito Carson,37,technician,+1 822456174,married,professional.course
Julian Ortiz,46,housemaid,+1 822456175,married,basic.9y
Houston Allen,35,blue-collar,+1 822456176,married,professional.course
Annabelle Knight,47,admin.,+1 822456177,divorced,university.degree
Heath Tyler,46,management,+1 822456178,married,unknown
Kristine Crawford,40,technician,+1 822456179,married,professional.course
Georgina Schneider,26,housemaid,+1 822456180,married,university.degree
Marcel Brewer,32,blue-collar,+1 822456181,divorced,basic.9y
Taylor Bean,45,management,+1 822456182,married,university.degree
Tamera Wilson,34,admin.,+1 822456183,married,basic.9y
Edwin Sutton,47,blue-collar,+1 822456184,married,unknown
Keisha Evans,42,technician,+1 822456185,married,professional.course
Lou Serrano,57,technician,+1 822456186,married,basic.4y
Ola Mercer,57,technician,+1 822456187,married,basic.4y
Rico Small,38,blue-collar,+1 822456188,married,basic.4y
Dante Cordova,57,technician,+1 822456189,married,basic.4y
Yolanda Tucker,28,student,+1 822456190,single,basic.9y
Britney Floyd,60,management,+1 822456191,married,university.degree
Frieda Vargas,48,admin.,+1 822456192,married,university.degree
Freddie Glover,47,technician,+1 822456193,married,professional.course
Lydia Webster,40,admin.,+1 822456194,married,high.school
Renee Arias,51,management,+1 822456195,married,professional.course
Twila Erickson,48,unemployed,+1 822456196,single,basic.4y
Kathie Mann,54,housemaid,+1 822456197,married,basic.4y
Althea Barnett,40,blue-collar,+1 822456198,married,basic.6y
Olivia Palmer,44,admin.,+1 822456199,single,basic.9y
Enoch Frye,42,technician,+1 822456200,divorced,high.school
Emanuel Nielsen,52,self-employed,+1 822456201,married,university.degree
Katrina Gentry,31,blue-collar,+1 822456202,single,basic.9y
Geraldo Yu,32,services,+1 822456203,married,high.school
Ingrid Keller,44,admin.,+1 822456204,married,high.school
Ty Bradshaw,39,management,+1 822456205,married,basic.6y
Noble Watson,57,management,+1 822456206,married,professional.course
Porter Le,52,admin.,+1 822456207,married,basic.4y
Julianne Dixon,42,management,+1 822456208,married,university.degree
Houston Hicks,42,technician,+1 822456209,single,professional.course
Ilene Benson,43,management,+1 822456210,married,professional.course
Sonya Manning,31,admin.,+1 822456211,divorced,high.school
Janette Guzman,29,admin.,+1 822456212,married,university.degree
Lorene Bird,57,blue-collar,+1 822456213,divorced,basic.4y
Jamie Cantrell,44,blue-collar,+1 822456214,married,basic.9y
Deidre Johnston,59,unknown,+1 822456215,married,unknown
Marcos Sweeney,39,blue-collar,+1 822456216,married,basic.4y
Tomas Pratt,57,retired,+1 822456217,married,university.degree
Tommie Colon,41,management,+1 822456218,married,unknown
Van Bush,37,technician,+1 822456219,single,high.school
Randell Campbell,38,services,+1 822456220,married,high.school
Mitchel Madden,42,retired,+1 822456221,married,basic.4y
Maryanne Nelson,49,unknown,+1 822456222,married,unknown
Brendan Dennis,54,management,+1 822456223,married,basic.6y
Crystal Hanson,36,admin.,+1 822456224,married,university.degree
Prince Marshall,32,admin.,+1 822456225,single,university.degree
Chi Orr,35,technician,+1 822456226,married,professional.course
Cary Good,45,housemaid,+1 822456227,married,professional.course
Rosie Arroyo,56,technician,+1 822456228,married,unknown
Daren Santiago,34,technician,+1 822456229,married,university.degree
Erich Craig,41,unemployed,+1 822456230,married,basic.9y
Wilbert Stewart,41,services,+1 822456231,married,basic.9y
Lakeisha Mcdaniel,36,blue-collar,+1 822456232,married,basic.9y
Tina Wilkerson,32,admin.,+1 822456233,single,university.degree
Elijah Strickland,31,services,+1 822456234,married,high.school
Reginald Grimes,38,technician,+1 822456235,married,professional.course
Shon Gates,35,admin.,+1 822456236,divorced,university.degree
Val Richmond,53,admin.,+1 822456237,married,professional.course
Rosemarie Tanner,51,admin.,+1 822456238,married,basic.6y
Kristopher Mendez,56,entrepreneur,+1 822456239,married,university.degree
Gustavo Stephens,33,admin.,+1 822456240,married,basic.9y
Hugh Woodard,33,admin.,+1 822456241,married,basic.9y
Antone Mclaughlin,51,services,+1 822456242,divorced,high.school
Therese Mcconnell,39,services,+1 822456243,married,high.school
Lemuel Acosta,45,entrepreneur,+1 822456244,married,university.degree
Walter Fry,40,technician,+1 822456245,single,university.degree
Karina Lozano,60,unknown,+1 822456246,single,unknown
Luella Mccoy,33,technician,+1 822456247,married,university.degree
Dong Knox,47,blue-collar,+1 822456248,married,high.school
Jeffrey Martinez,48,blue-collar,+1 822456249,married,basic.4y
Landon Castillo,43,entrepreneur,+1 822456250,married,high.school
Arlie Carney,37,management,+1 822456251,married,university.degree
Randell Hurst,50,services,+1 822456252,married,basic.9y
Emma Waters,59,entrepreneur,+1 822456253,married,high.school
Gwen Maldonado,32,technician,+1 822456254,married,unknown
Luis Collier,42,housemaid,+1 822456255,single,basic.4y
Lorene Pace,52,blue-collar,+1 822456256,married,basic.4y
Denise Myers,42,blue-collar,+1 822456257,married,unknown
Ester Ryan,42,admin.,+1 822456258,married,unknown
Jay Coleman,40,management,+1 822456259,married,basic.9y
Arnulfo Sheppard,38,blue-collar,+1 822456260,married,basic.9y
Tania Little,39,blue-collar,+1 822456261,married,basic.6y
Thurman Austin,39,blue-collar,+1 822456262,married,basic.6y
Lynnette Harvey,38,admin.,+1 822456263,married,high.school
Garth Gallagher,47,admin.,+1 822456264,single,unknown
Martina Atkinson,30,services,+1 822456265,single,high.school
Janis Petersen,38,admin.,+1 822456266,divorced,high.school
Shanna Hull,39,technician,+1 822456267,divorced,university.degree
Ted Pena,44,admin.,+1 822456268,married,high.school
Martha Bean,36,admin.,+1 822456269,married,high.school
Laura Daniel,41,services,+1 822456270,married,high.school
Doreen Glass,41,blue-collar,+1 822456271,married,basic.6y
Rob Krause,35,blue-collar,+1 822456272,married,basic.9y
Gay Crane,41,technician,+1 822456273,married,high.school
April Riggs,36,services,+1 822456274,married,high.school
Williams Dawson,35,admin.,+1 822456275,single,high.school
Shayne Cobb,33,blue-collar,+1 822456276,single,basic.4y
Jerald Greer,38,admin.,+1 822456277,single,basic.6y
Luciano Reid,33,self-employed,+1 822456278,married,university.degree
Terrance Mayer,55,self-employed,+1 822456279,married,unknown
Ivory Villarreal,36,blue-collar,+1 822456280,single,basic.9y
Antwan Steele,57,technician,+1 822456281,married,professional.course
Alton Beltran,32,entrepreneur,+1 822456282,single,university.degree
Neal Hodges,30,self-employed,+1 822456283,single,high.school
Hoyt Cooke,43,admin.,+1 822456284,married,professional.course
Pat Fischer,46,admin.,+1 822456285,married,university.degree
Ellis Ochoa,35,admin.,+1 822456286,divorced,high.school
Janice Watson,34,admin.,+1 822456287,single,university.degree
Shon Novak,50,blue-collar,+1 822456288,married,basic.4y
Flora Snyder,39,admin.,+1 822456289,single,university.degree
Malinda Nash,39,blue-collar,+1 822456290,married,basic.9y
Forest Barker,42,entrepreneur,+1 822456291,married,basic.6y
Rowena Bush,57,retired,+1 822456292,married,university.degree
Luke Collins,45,blue-collar,+1 822456293,married,basic.4y
Ella Buck,40,technician,+1 822456294,married,basic.4y
Damon Blackburn,42,blue-collar,+1 822456295,married,high.school
Adam Morrow,40,technician,+1 822456296,married,basic.4y
Alberto Ward,38,blue-collar,+1 822456297,single,basic.4y
Mohamed Oneill,39,blue-collar,+1 822456298,married,basic.6y
Olen West,41,blue-collar,+1 822456299,married,basic.4y
Marsha Patton,39,blue-collar,+1 822456300,married,basic.6y
Jeffery Krueger,41,blue-collar,+1 822456301,married,basic.4y
Frederick Cochran,45,admin.,+1 822456302,married,university.degree
Ken Bird,35,admin.,+1 822456303,divorced,university.degree
Hoyt Case,35,admin.,+1 822456304,married,basic.6y
Luella Rich,49,blue-collar,+1 822456305,married,high.school
Constance Farmer,36,technician,+1 822456306,married,unknown
Dante Summers,23,admin.,+1 822456307,single,university.degree
Weston Daniel,43,unemployed,+1 822456308,married,university.degree
Moises Hoover,49,entrepreneur,+1 822456309,married,professional.course
Lacey Reed,36,technician,+1 822456310,married,professional.course
Brandy Fowler,51,blue-collar,+1 822456311,married,basic.9y
Cornelius Curtis,56,retired,+1 822456312,married,basic.4y
Sanford Blanchard,45,housemaid,+1 822456313,married,high.school
Maricela Hicks,42,admin.,+1 822456314,married,high.school
Hilda Fisher,41,admin.,+1 822456315,divorced,high.school
Sasha Larson,32,services,+1 822456316,married,high.school
Tracey Sanchez,46,management,+1 822456317,married,university.degree
Rory Stevens,37,blue-collar,+1 822456318,married,unknown
Miquel Owens,53,management,+1 822456319,married,university.degree
Bradford Lucas,30,blue-collar,+1 822456320,married,basic.4y
Fernando Franklin,45,unknown,+1 822456321,married,unknown
Susanna Mcfarland,24,technician,+1 822456322,single,professional.course
Lelia Frazier,45,unknown,+1 822456323,married,unknown
Ebony Richards,34,admin.,+1 822456324,single,university.degree
Kasey Dudley,41,management,+1 822456325,married,university.degree
Gilbert Bowman,59,blue-collar,+1 822456326,married,basic.4y
Callie Gardner,45,blue-collar,+1 822456327,married,basic.4y
Lawanda Cortez,54,blue-collar,+1 822456328,married,basic.6y
Kenton Gentry,32,technician,+1 822456329,married,professional.course
Nolan Rodriguez,33,technician,+1 822456330,married,professional.course
Earnestine Horne,32,admin.,+1 822456331,married,university.degree
Roman Christensen,34,services,+1 822456332,single,high.school
Miguel Merritt,46,management,+1 822456333,married,university.degree
Sammy Francis,57,technician,+1 822456334,married,professional.course
Oscar Becker,42,technician,+1 822456335,married,basic.9y
June Hess,48,admin.,+1 822456336,married,professional.course
Ramiro Jimenez,58,admin.,+1 822456337,divorced,university.degree
Dusty Wiley,34,services,+1 822456338,married,high.school
Flora Snyder,32,admin.,+1 822456339,single,university.degree
Malinda Nash,48,blue-collar,+1 822456340,married,basic.9y
Forest Barker,47,blue-collar,+1 822456341,married,basic.9y
Rowena Bush,31,services,+1 822456342,married,high.school
Luke Collins,32,admin.,+1 822456343,single,university.degree
Ella Buck,32,admin.,+1 822456344,single,university.degree
Damon Blackburn,36,services,+1 822456345,married,high.school
Adam Morrow,53,blue-collar,+1 822456346,married,basic.4y
Alberto Ward,37,blue-collar,+1 822456347,married,basic.9y
Mohamed Oneill,50,services,+1 822456348,married,high.school
Olen West,46,blue-collar,+1 822456349,married,basic.6y
Marsha Patton,41,admin.,+1 822456350,married,high.school
Jeffery Krueger,43,blue-collar,+1 822456351,single,basic.4y
Frederick Cochran,51,management,+1 822456352,married,university.degree
Ken Bird,38,admin.,+1 822456353,married,university.degree
Hoyt Case,41,technician,+1 822456354,married,basic.6y
Luella Rich,39,services,+1 822456355,married,high.school
Constance Farmer,52,blue-collar,+1 822456356,married,basic.4y
Dante Summers,37,technician,+1 822456357,married,professional.course
Weston Daniel,41,admin.,+1 822456358,married,basic.9y
Moises Hoover,46,admin.,+1 822456359,divorced,university.degree
Lacey Reed,47,technician,+1 822456360,married,professional.course
Brandy Fowler,35,technician,+1 822456361,married,professional.course
Cornelius Curtis,38,services,+1 822456362,married,high.school
Sanford Blanchard,30,blue-collar,+1 822456363,single,unknown
Maricela Hicks,46,blue-collar,+1 822456364,married,basic.9y
Hilda Fisher,30,technician,+1 822456365,married,professional.course
Sasha Larson,35,services,+1 822456366,single,basic.4y
Tracey Sanchez,58,admin.,+1 822456367,married,unknown
Rory Stevens,40,technician,+1 822456368,married,professional.course
Miquel Owens,34,technician,+1 822456369,married,university.degree
Bradford Lucas,30,admin.,+1 822456370,single,university.degree
Fernando Franklin,38,services,+1 822456371,married,basic.6y
Susanna Mcfarland,55,management,+1 822456372,single,basic.4y
Lelia Frazier,55,management,+1 822456373,married,university.degree
Ebony Richards,45,technician,+1 822456374,single,professional.course
Kasey Dudley,36,admin.,+1 822456375,married,university.degree
Gilbert Bowman,32,admin.,+1 822456376,single,university.degree
Callie Gardner,35,technician,+1 822456377,married,unknown
Lawanda Cortez,55,management,+1 822456378,divorced,university.degree
Kenton Gentry,49,housemaid,+1 822456379,married,basic.4y
Nolan Rodriguez,29,admin.,+1 822456380,married,high.school
Earnestine Horne,34,blue-collar,+1 822456381,married,basic.4y
Roman Christensen,54,retired,+1 822456382,married,high.school
Miguel Merritt,36,technician,+1 822456383,single,professional.course
Sammy Francis,30,management,+1 822456384,single,university.degree
Oscar Becker,33,housemaid,+1 822456385,divorced,university.degree
June Hess,37,blue-collar,+1 822456386,married,high.school
Ramiro Jimenez,36,technician,+1 822456387,married,basic.9y
Dusty Wiley,33,blue-collar,+1 822456388,married,high.school
Salvatore Pratt,32,housemaid,+1 822456389,married,high.school
Wilton Vincent,32,housemaid,+1 822456390,married,high.school
Lana Acosta,50,blue-collar,+1 822456391,married,basic.4y
Howard Nash,39,blue-collar,+1 822456392,married,basic.9y
Blair Mccann,51,blue-collar,+1 822456393,divorced,unknown
Calvin Carson,33,services,+1 822456394,married,high.school
Ramona Gonzalez,33,services,+1 822456395,married,basic.4y
Ladonna Robbins,56,management,+1 822456396,married,university.degree
Charity Booker,39,management,+1 822456397,divorced,university.degree
Rickey Black,33,self-employed,+1 822456398,single,university.degree
Nettie Greene,59,retired,+1 822456399,divorced,basic.4y
Asa Aguilar,42,admin.,+1 822456400,single,unknown
Kerri Myers,43,services,+1 822456401,married,high.school
Ambrose Woodard,35,admin.,+1 822456402,married,university.degree
Rory Turner,46,blue-collar,+1 822456403,married,basic.6y
Tabatha Farrell,27,technician,+1 822456404,married,basic.9y
Sang Baxter,47,admin.,+1 822456405,divorced,university.degree
Claude Bryan,31,admin.,+1 822456406,single,university.degree
Irma Hoover,32,blue-collar,+1 822456407,married,basic.9y
Ivory Guzman,54,admin.,+1 822456408,married,high.school
Hank Scott,56,management,+1 822456409,married,university.degree
Lorrie Deleon,48,services,+1 822456410,single,high.school
Tia Calhoun,44,admin.,+1 822456411,married,high.school
Wilbur Yu,46,admin.,+1 822456412,married,high.school
Vicky Leblanc,45,services,+1 822456413,married,high.school
Adolph Riggs,43,admin.,+1 822456414,married,professional.course
Hai Combs,40,admin.,+1 822456415,single,high.school
Jim Stephenson,56,management,+1 822456416,married,university.degree
Orville Salinas,47,entrepreneur,+1 822456417,married,professional.course
Chang Marks,39,management,+1 822456418,divorced,university.degree
Dannie Huerta,48,technician,+1 822456419,married,basic.4y
Sammy Francis,45,housemaid,+1 822456420,married,professional.course
Wiley Donovan,36,self-employed,+1 822456421,married,university.degree
Greta Beltran,49,management,+1 822456422,married,professional.course
Merrill Mckee,46,services,+1 822456423,married,high.school
Margret Abbott,38,blue-collar,+1 822456424,married,basic.9y
King Clarke,50,housemaid,+1 822456425,married,basic.4y
Erwin Campbell,27,admin.,+1 822456426,single,high.school
Elbert Powell,40,technician,+1 822456427,married,professional.course
Grant Morales,46,management,+1 822456428,married,university.degree
James Cunningham,40,admin.,+1 822456429,divorced,university.degree
Patti Jarvis,33,management,+1 822456430,single,university.degree
Antonia Lester,54,retired,+1 822456431,married,high.school
Hilton Holloway,52,blue-collar,+1 822456432,married,basic.4y
Garry Hopkins,53,admin.,+1 822456433,married,university.degree
Maura Fleming,49,services,+1 822456434,married,high.school
Gale Gardner,42,blue-collar,+1 822456435,married,basic.4y
Darrell Burch,49,housemaid,+1 822456436,married,basic.4y
Priscilla Moses,40,entrepreneur,+1 822456437,married,basic.9y
Lorene Benitez,59,admin.,+1 822456438,married,university.degree
Cristopher Scott,51,self-employed,+1 822456439,married,basic.9y
Elvin Lester,57,housemaid,+1 822456440,married,basic.6y
Jamison Kelly,38,self-employed,+1 822456441,divorced,basic.9y
Josue Small,52,self-employed,+1 822456442,married,university.degree
Mavis Greene,26,unemployed,+1 822456443,single,basic.9y
Katheryn Wood,35,admin.,+1 822456444,married,university.degree
Ulysses Hartman,51,admin.,+1 822456445,married,university.degree
Mabel Warren,43,blue-collar,+1 822456446,married,basic.4y
Amparo Mosley,42,admin.,+1 822456447,married,high.school
Melissa Jones,60,retired,+1 822456448,divorced,university.degree
Teri George,36,blue-collar,+1 822456449,married,basic.9y
Ann Lowe,57,management,+1 822456450,married,university.degree
Deanne Hicks,35,student,+1 822456451,single,university.degree
Grover Stevens,30,admin.,+1 822456452,married,university.degree
Cleo Stewart,43,services,+1 822456453,married,high.school
Margarita Bullock,40,technician,+1 822456454,married,basic.9y
Cherie Bernard,45,technician,+1 822456455,married,university.degree
Wiley Good,56,retired,+1 822456456,married,high.school
Byron Wagner,46,services,+1 822456457,married,basic.6y
Tammy Haynes,41,blue-collar,+1 822456458,married,basic.4y
Henrietta Juarez,42,admin.,+1 822456459,married,university.degree
Delmar Mccarty,56,blue-collar,+1 822456460,married,basic.4y
Shaun Dunn,43,entrepreneur,+1 822456461,married,basic.4y
Roosevelt Ramirez,34,blue-collar,+1 822456462,married,basic.4y
Bertie Woodward,38,services,+1 822456463,married,high.school
Alison Golden,40,technician,+1 822456464,married,basic.9y
Tina Booth,38,admin.,+1 822456465,married,high.school
Aimee Hodges,48,entrepreneur,+1 822456466,married,university.degree
Kerri Carlson,27,blue-collar,+1 822456467,married,basic.9y
Ryan Rowland,24,technician,+1 822456468,single,professional.course
Randy Gates,47,admin.,+1 822456469,single,unknown
Kaye Cuevas,48,blue-collar,+1 822456470,married,professional.course
Leslie Fernandez,31,admin.,+1 822456471,single,high.school
Geraldo Kramer,39,self-employed,+1 822456472,single,basic.4y
Francis Winters,41,technician,+1 822456473,single,university.degree
Woodrow Glenn,49,blue-collar,+1 822456474,married,basic.4y
Karen Meza,56,retired,+1 822456475,married,basic.4y
Robin Conway,49,admin.,+1 822456476,married,high.school
Ellsworth Watts,47,unemployed,+1 822456477,divorced,university.degree
Roberto Phillips,44,blue-collar,+1 822456478,married,unknown
Damon Reyes,48,admin.,+1 822456479,divorced,high.school
Annette Barton,55,housemaid,+1 822456480,married,basic.4y
Berta Landry,59,management,+1 822456481,married,basic.4y
Lori Yoder,44,technician,+1 822456482,single,professional.course
Russell Shah,46,blue-collar,+1 822456483,married,basic.9y
Sharron Pitts,39,blue-collar,+1 822456484,divorced,basic.6y
Andre Peters,38,unemployed,+1 822456485,married,basic.4y
Bradley Zhang,36,services,+1 822456486,married,high.school
Wilma Yates,29,admin.,+1 822456487,single,university.degree
Dewitt Schneider,31,technician,+1 822456488,single,professional.course
Gregg Pace,30,services,+1 822456489,divorced,basic.9y
Lorraine Fritz,36,blue-collar,+1 822456490,married,basic.4y
Darrel Skinner,60,blue-collar,+1 822456491,married,professional.course
Milton Esparza,36,admin.,+1 822456492,married,university.degree
Tanner Marsh,32,services,+1 822456493,married,high.school
Esther Spence,39,blue-collar,+1 822456494,married,basic.9y
Waldo Knox,30,services,+1 822456495,married,university.degree
Chang Tran,39,blue-collar,+1 822456496,married,basic.4y
Margie Kline,37,blue-collar,+1 822456497,married,basic.9y
Kathleen Gibbs,39,blue-collar,+1 822456498,married,professional.course
Dustin Schwartz,46,blue-collar,+1 822456499,married,basic.4y
Augusta Stephens,43,unemployed,+1 822456500,married,basic.4y
Kenya Meyers,37,services,+1 822456501,married,high.school
Constance Conrad,30,technician,+1 822456502,married,university.degree
Jack Rangel,38,technician,+1 822456503,married,professional.course
Imogene Mcbride,31,technician,+1 822456504,married,university.degree
Damion Bautista,44,admin.,+1 822456505,married,university.degree
Terry Lane,44,self-employed,+1 822456506,married,university.degree
Kristi Jennings,38,technician,+1 822456507,married,unknown
Diego King,30,student,+1 822456508,single,high.school
Bertram Roth,37,blue-collar,+1 822456509,married,basic.4y
Berta Cunningham,54,housemaid,+1 822456510,divorced,unknown
Irma Friedman,41,management,+1 822456511,married,unknown
Broderick Spears,43,technician,+1 822456512,married,professional.course
Cecil Rubio,38,housemaid,+1 822456513,married,basic.9y
Eugenio Shelton,41,blue-collar,+1 822456514,married,basic.4y
Yong Atkinson,38,blue-collar,+1 822456515,single,unknown
Petra Escobar,33,blue-collar,+1 822456516,married,basic.9y
Antione Whitney,32,admin.,+1 822456517,married,high.school
Gerardo Hess,30,services,+1 822456518,married,high.school
Dominick Horton,43,technician,+1 822456519,married,basic.6y
Nelson Manning,30,services,+1 822456520,married,high.school
Billie Trujillo,36,technician,+1 822456521,divorced,professional.course
Craig Potter,38,blue-collar,+1 822456522,married,basic.6y
Adrian Smith,35,blue-collar,+1 822456523,single,basic.6y
Marlon Rosales,50,self-employed,+1 822456524,married,university.degree
Miles Ware,38,blue-collar,+1 822456525,married,basic.9y
Don Cordova,58,admin.,+1 822456526,married,basic.4y
Jessica Guerra,50,technician,+1 822456527,married,professional.course
Vicente Clayton,33,blue-collar,+1 822456528,single,basic.9y
Agustin Kane,33,blue-collar,+1 822456529,single,basic.9y
Guadalupe Baird,44,management,+1 822456530,single,university.degree
Traci Atkins,31,management,+1 822456531,married,high.school
Demarcus Hudson,40,entrepreneur,+1 822456532,married,basic.9y
Odis Strickland,28,unknown,+1 822456533,single,basic.9y
Maura Weiss,36,services,+1 822456534,single,unknown
Sybil Freeman,44,blue-collar,+1 822456535,single,high.school
Matthew Proctor,38,blue-collar,+1 822456536,divorced,unknown
Mckinley Graves,33,blue-collar,+1 822456537,married,basic.9y
Sebastian Floyd,39,blue-collar,+1 822456538,divorced,basic.6y
Debora Mcfarland,47,blue-collar,+1 822456539,single,basic.4y
Parker Hahn,47,services,+1 822456540,divorced,high.school
Claire Simmons,35,entrepreneur,+1 822456541,single,professional.course
Francesco Ramirez,42,admin.,+1 822456542,divorced,university.degree
Annie Rangel,36,admin.,+1 822456543,married,high.school
Carmen Hickman,35,technician,+1 822456544,married,basic.6y
Del Gould,36,services,+1 822456545,single,unknown
Karina Washington,56,entrepreneur,+1 822456546,married,university.degree
Juanita Mayer,26,admin.,+1 822456547,single,high.school
Yong Schmitt,31,admin.,+1 822456548,single,university.degree
Louella Vaughan,57,self-employed,+1 822456549,single,high.school
Scottie Blankenship,39,services,+1 822456550,married,high.school
Darnell Townsend,43,blue-collar,+1 822456551,married,high.school
Sonya Richard,50,admin.,+1 822456552,married,university.degree
Genevieve Lam,52,blue-collar,+1 822456553,single,high.school
Barbara Moreno,39,blue-collar,+1 822456554,divorced,basic.9y
Julian Walsh,44,technician,+1 822456555,single,unknown
Leslie Melendez,36,housemaid,+1 822456556,married,basic.4y
Randi Ellison,54,management,+1 822456557,married,high.school
Krista Beck,27,admin.,+1 822456558,single,basic.9y
Annabelle Reynolds,31,admin.,+1 822456559,single,university.degree
Ursula Carey,31,admin.,+1 822456560,married,university.degree
Tasha Barry,28,blue-collar,+1 822456561,married,basic.6y
Mac Meza,31,management,+1 822456562,single,university.degree
Dane Booth,30,management,+1 822456563,divorced,high.school
Lamar Rhodes,52,technician,+1 822456564,married,professional.course
Lucille Barr,37,technician,+1 822456565,divorced,professional.course
Carmine Green,30,services,+1 822456566,married,university.degree
Judson Juarez,45,blue-collar,+1 822456567,married,basic.9y
Graciela Singleton,54,technician,+1 822456568,married,university.degree
Laverne Irwin,49,entrepreneur,+1 822456569,married,basic.9y
Brady Burgess,44,admin.,+1 822456570,married,high.school
Nellie Cordova,28,student,+1 822456571,single,basic.9y
Lacey Graham,53,technician,+1 822456572,married,high.school
Ryan Cruz,45,blue-collar,+1 822456573,married,basic.9y
Jorge Ho,45,blue-collar,+1 822456574,married,basic.9y
Oren Wheeler,51,admin.,+1 822456575,married,high.school
Lori Gentry,41,blue-collar,+1 822456576,married,basic.9y
Raleigh Baker,43,technician,+1 822456577,married,professional.course
Emmitt Nguyen,31,admin.,+1 822456578,single,university.degree
Terrell Blair,39,admin.,+1 822456579,single,unknown
Johnie Oconnell,38,technician,+1 822456580,married,professional.course
Timothy Henson,50,entrepreneur,+1 822456581,married,basic.9y
Leann Nolan,53,admin.,+1 822456582,single,university.degree
Danilo Everett,44,admin.,+1 822456583,divorced,high.school
Quinn Salinas,53,blue-collar,+1 822456584,married,basic.9y
Glenna Austin,24,services,+1 822456585,single,high.school
Dustin Kelley,34,admin.,+1 822456586,single,high.school
Ernesto Floyd,40,technician,+1 822456587,married,professional.course
Von Riddle,57,management,+1 822456588,divorced,university.degree
Terra Heath,43,blue-collar,+1 822456589,married,basic.4y
Mari Greer,31,blue-collar,+1 822456590,married,basic.6y
Lina Parsons,31,services,+1 822456591,married,basic.6y
Katrina Holmes,31,blue-collar,+1 822456592,married,basic.6y
Dirk Frank,45,housemaid,+1 822456593,married,basic.4y
Alison Vang,38,admin.,+1 822456594,married,university.degree
Elisabeth Conrad,41,entrepreneur,+1 822456595,married,university.degree
Marco Bender,47,blue-collar,+1 822456596,married,professional.course
Angelita Howell,42,blue-collar,+1 822456597,married,basic.6y
Ginger Price,35,blue-collar,+1 822456598,single,unknown
Timmy Mayer,40,management,+1 822456599,married,university.degree
Antonio Harrington,42,blue-collar,+1 822456600,married,basic.6y
Art Stuart,34,technician,+1 822456601,married,professional.course
Belinda Herring,48,admin.,+1 822456602,single,university.degree
Vernon Doyle,35,blue-collar,+1 822456603,married,unknown
Carson Martinez,33,blue-collar,+1 822456604,married,high.school
Reynaldo Alvarez,37,technician,+1 822456605,married,professional.course
Aida Martin,43,technician,+1 822456606,married,professional.course
Rory Dorsey,42,admin.,+1 822456607,single,unknown
Mitzi Lara,46,admin.,+1 822456608,divorced,university.degree
Barbra Zamora,37,blue-collar,+1 822456609,single,basic.9y
Earline Wang,40,blue-collar,+1 822456610,married,high.school
Aaron Ball,40,blue-collar,+1 822456611,married,high.school
Charlotte Mccarty,59,entrepreneur,+1 822456612,divorced,high.school
Ignacio Pacheco,43,technician,+1 822456613,single,university.degree
Sasha Gibson,44,blue-collar,+1 822456614,married,basic.6y
Shirley Wallace,44,blue-collar,+1 822456615,married,basic.4y
Horacio Cantrell,41,admin.,+1 822456616,married,university.degree
Buck Pham,28,unknown,+1 822456617,single,basic.9y
Sammie Chavez,48,services,+1 822456618,married,high.school
Warner Figueroa,31,admin.,+1 822456619,single,high.school
Eugene Sosa,27,blue-collar,+1 822456620,married,basic.9y
Concetta Holden,43,technician,+1 822456621,single,university.degree
Lori Forbes,47,retired,+1 822456622,married,basic.4y
Violet Ortiz,40,blue-collar,+1 822456623,divorced,unknown
Irvin Anderson,43,unknown,+1 822456624,married,high.school
Roxanne Baldwin,29,technician,+1 822456625,married,professional.course
Sondra Bass,54,admin.,+1 822456626,married,university.degree
Vilma Bradford,36,technician,+1 822456627,married,professional.course
Stanton Rivas,30,admin.,+1 822456628,single,university.degree
Catherine Eaton,38,services,+1 822456629,single,unknown
Jewel Lynch,39,blue-collar,+1 822456630,married,basic.6y
Vince Lyons,33,blue-collar,+1 822456631,married,basic.9y
Gail Mccarthy,39,retired,+1 822456632,single,high.school
Sebastian Carpenter,38,technician,+1 822456633,single,professional.course
Estelle Roberson,44,admin.,+1 822456634,married,high.school
Ramiro Bridges,33,blue-collar,+1 822456635,married,basic.9y
Lynwood Kelly,37,blue-collar,+1 822456636,married,basic.6y
Jannie Flowers,32,management,+1 822456637,married,basic.6y
Barrett Hubbard,46,technician,+1 822456638,married,professional.course
Werner Solis,34,technician,+1 822456639,divorced,professional.course
Russell Mack,52,technician,+1 822456640,married,basic.4y
Marylou Mcknight,46,blue-collar,+1 822456641,married,basic.6y
Grady Lawrence,57,management,+1 822456642,divorced,university.degree
Valentin Summers,52,technician,+1 822456643,married,basic.4y
Doreen Parker,32,technician,+1 822456644,single,professional.course
Terence Welch,31,blue-collar,+1 822456645,single,basic.9y
Sydney Valencia,46,admin.,+1 822456646,divorced,basic.9y
Harold Mullins,59,services,+1 822456647,divorced,high.school
Blaine Sosa,38,blue-collar,+1 822456648,married,unknown
Nickolas Chase,42,blue-collar,+1 822456649,divorced,basic.6y
Camille Wise,40,blue-collar,+1 822456650,married,basic.4y
Esmeralda Mcgee,46,admin.,+1 822456651,married,professional.course
Lemuel Roman,35,admin.,+1 822456652,single,high.school
Tomas Chavez,28,blue-collar,+1 822456653,married,basic.9y
Phil Hoover,47,services,+1 822456654,married,high.school
Kenya Duke,35,blue-collar,+1 822456655,married,basic.4y
Dominic Santos,48,retired,+1 822456656,married,basic.9y
Frieda Kaufman,40,blue-collar,+1 822456657,married,basic.6y
Martina Oneill,32,services,+1 822456658,single,high.school
Royce Pena,59,retired,+1 822456659,divorced,basic.4y
Wilton Hess,48,entrepreneur,+1 822456660,married,basic.9y
Renato Henderson,45,blue-collar,+1 822456661,married,basic.9y
Asa Faulkner,49,blue-collar,+1 822456662,single,basic.6y
Adrian Norris,51,admin.,+1 822456663,married,university.degree
Bessie Duran,38,technician,+1 822456664,single,university.degree
Rosella Lucero,53,technician,+1 822456665,married,high.school
Dirk French,49,blue-collar,+1 822456666,married,basic.9y
Deanna Douglas,31,blue-collar,+1 822456667,married,basic.9y
Brady Finley,36,services,+1 822456668,married,high.school
Gilberto Andrade,54,retired,+1 822456669,married,basic.4y
Natasha Curtis,29,admin.,+1 822456670,single,high.school
Shelley Underwood,31,blue-collar,+1 822456671,married,basic.6y
Nelda Ferrell,35,admin.,+1 822456672,married,high.school
Omar Palmer,38,blue-collar,+1 822456673,married,basic.9y
Emmitt Barton,54,management,+1 822456674,married,high.school
Tamra Stephens,48,admin.,+1 822456675,married,basic.9y
Josefina Morgan,48,management,+1 822456676,divorced,university.degree
Terrence York,32,admin.,+1 822456677,single,university.degree
Benedict Morrow,34,technician,+1 822456678,married,professional.course
Sophie Walls,49,technician,+1 822456679,single,university.degree
Sabrina Flowers,44,blue-collar,+1 822456680,married,basic.9y
Dan Benjamin,42,services,+1 822456681,divorced,high.school
Zachariah Kent,55,blue-collar,+1 822456682,married,basic.4y
Summer Wilkerson,42,services,+1 822456683,divorced,high.school
Katrina Henry,44,admin.,+1 822456684,married,university.degree
Christine Haynes,51,blue-collar,+1 822456685,married,basic.9y
Franklin Allison,43,blue-collar,+1 822456686,married,basic.4y
Dorsey Humphrey,52,technician,+1 822456687,married,high.school
Misty Mitchell,45,blue-collar,+1 822456688,single,basic.6y
Chandra Craig,41,services,+1 822456689,divorced,high.school
Roslyn Harrell,35,technician,+1 822456690,divorced,unknown
Elsie Cline,41,services,+1 822456691,divorced,high.school
Trina Dougherty,46,management,+1 822456692,married,basic.9y
Elmo Rich,36,housemaid,+1 822456693,divorced,basic.9y
Thelma Rodriguez,29,technician,+1 822456694,married,professional.course
Annette Hendrix,47,services,+1 822456695,married,unknown
Tameka Patton,43,blue-collar,+1 822456696,married,basic.4y
Chang Woodward,38,blue-collar,+1 822456697,single,basic.9y
Lina Knox,44,blue-collar,+1 822456698,married,basic.4y
Dane Clements,29,services,+1 822456699,married,high.school
Rolland Woods,58,unknown,+1 822456700,married,unknown
Rosalinda Morales,48,blue-collar,+1 822456701,married,professional.course
Krystal Mueller,46,blue-collar,+1 822456702,married,basic.9y
Young Townsend,31,blue-collar,+1 822456703,married,basic.4y
Florencio Bolton,47,services,+1 822456704,married,unknown
Rodger Holt,44,admin.,+1 822456705,married,university.degree
Gabriel Miles,31,blue-collar,+1 822456706,married,basic.4y
Susanna Buck,38,unemployed,+1 822456707,divorced,professional.course
Jewel Baldwin,33,admin.,+1 822456708,married,university.degree
Rod Rollins,53,blue-collar,+1 822456709,married,basic.9y
Charlotte Singleton,33,management,+1 822456710,single,unknown
Carly Bishop,33,self-employed,+1 822456711,married,basic.9y
Allison Warren,37,admin.,+1 822456712,divorced,university.degree
Royal Chan,55,blue-collar,+1 822456713,married,basic.9y
Hazel Calhoun,41,admin.,+1 822456714,single,basic.6y
Dudley Simpson,46,blue-collar,+1 822456715,married,basic.6y
Victor Rowe,32,entrepreneur,+1 822456716,divorced,university.degree
Lupe Branch,48,blue-collar,+1 822456717,married,high.school
Ryan Page,34,entrepreneur,+1 822456718,married,basic.4y
Devon Melton,35,admin.,+1 822456719,single,university.degree
Hassan Stone,55,blue-collar,+1 822456720,married,basic.4y
Lara Zhang,45,entrepreneur,+1 822456721,single,university.degree
Isabel Gilmore,48,management,+1 822456722,divorced,university.degree
Mohammed Wells,34,blue-collar,+1 822456723,married,basic.6y
Bridget Wilkinson,46,admin.,+1 822456724,divorced,university.degree
Carmine Nixon,34,blue-collar,+1 822456725,married,basic.6y
Juan Boyd,51,unemployed,+1 822456726,married,professional.course
Salvatore Olsen,37,admin.,+1 822456727,married,university.degree
Wyatt Rivas,54,housemaid,+1 822456728,divorced,basic.4y
Kate Little,45,services,+1 822456729,married,high.school
Penny Skinner,39,services,+1 822456730,single,high.school
Naomi Whitney,39,blue-collar,+1 822456731,married,basic.9y
Chance Gallagher,39,technician,+1 822456732,single,basic.6y
Irwin Mayer,39,services,+1 822456733,married,basic.9y
Archie Manning,32,entrepreneur,+1 822456734,married,basic.6y
Stevie Duncan,41,services,+1 822456735,single,high.school
Leola Morrison,59,housemaid,+1 822456736,married,basic.6y
Felton Fischer,57,technician,+1 822456737,married,basic.9y
John Riley,30,services,+1 822456738,married,unknown
